month,current_profit,predicted_profit_3m_ahead,loss_probability,risk_level,fill_rate,stockout_cost,operating_margin
2025-10,23192318.073751666,15432760.218235286,39.41044440172262,LOW RISK,97.1,2467883.1,27.32
2025-11,39027109.836345,14925997.3987899,65.51391275395706,MEDIUM RISK,96.97,4605679.4,27.05
2025-12,41936752.95643083,34179926.31038239,26.584057430058937,LOW RISK,96.88,4992327.93,27.02
